id;kode_satpel;kode_upt;nama;nama_en;wilayah_kerja;nama_satpel;kota;kode_pelabuhan;tembusan;otoritas_pelabuhan;syah_bandar_pelabuhan;kepala_kantor_bea_cukai;nama_pengelola;stat_ppkol;stat_insw;created_at;updated_at;deleted_at
1;"0000";"00";"Kantor Pusat";"";"Jakarta";"Kantor Pusat";"Jakarta";\N;\N;\N;\N;\N;\N;"";"";2024-01-12 15:44:31;\N;\N
2;"1100";"11";"Balai Karantina Hewan, Ikan, dan Tumbuhan Nangroe Aceh Darussalam";"";"Provinsi Nanggroe Aceh Darussalam";"UPT Induk";"Banda Aceh";\N;\N;\N;\N;\N;\N;"";"";2024-01-12 15:44:31;\N;\N
3;"1101";"11";"Balai Karantina Hewan, Ikan, dan Tumbuhan Nangroe Aceh Darussalam";"";"Provinsi Nanggroe Aceh Darussalam";"Bandara Iskandar Muda";"Banda Aceh";\N;\N;\N;\N;\N;\N;"";"";2024-01-12 15:44:31;\N;\N
4;"1102";"11";"Balai Karantina Hewan, Ikan, dan Tumbuhan Nangroe Aceh Darussalam";"";"Provinsi Nanggroe Aceh Darussalam";"Pelabuhan Laut Sabang";"Banda Aceh";\N;\N;\N;\N;\N;\N;"";"";2024-01-12 15:44:31;\N;\N
5;"1103";"11";"Balai Karantina Hewan, Ikan, dan Tumbuhan Nangroe Aceh Darussalam";"";"Provinsi Nanggroe Aceh Darussalam";"Pelabuhan Laut Lhokseumawe";"Banda Aceh";\N;\N;\N;\N;\N;\N;"";"";2024-01-12 15:44:31;\N;\N
6;"1104";"11";"Balai Karantina Hewan, Ikan, dan Tumbuhan Nangroe Aceh Darussalam";"";"Provinsi Nanggroe Aceh Darussalam";"Pelabuhan Laut Meulaboh";"Banda Aceh";\N;\N;\N;\N;\N;\N;"";"";2024-01-12 15:44:31;\N;\N
7;"1105";"11";"Balai Karantina Hewan, Ikan, dan Tumbuhan Nangroe Aceh Darussalam";"";"Provinsi Nanggroe Aceh Darussalam";"Pelabuhan Laut Sinabang";"Banda Aceh";\N;\N;\N;\N;\N;\N;"";"";2024-01-12 15:44:31;\N;\N
8;"1106";"11";"Balai Karantina Hewan, Ikan, dan Tumbuhan Nangroe Aceh Darussalam";"";"Provinsi Nanggroe Aceh Darussalam";"Pelabuhan Laut Kuala Langsa";"Banda Aceh";\N;\N;\N;\N;\N;\N;"";"";2024-01-12 15:44:31;\N;\N
9;"1107";"11";"Balai Karantina Hewan, Ikan, dan Tumbuhan Nangroe Aceh Darussalam";"";"Provinsi Nanggroe Aceh Darussalam";"Pelabuhan Laut Simeuleu";"Banda Aceh";\N;\N;\N;\N;\N;\N;"";"";2024-01-12 15:44:31;\N;\N
10;"1200";"12";"Balai Besar Karantina Hewan, Ikan, dan Tumbuhan Sumatera Utara";"";"Provinsi Sumatera Utara";"UPT Induk";"Medan";\N;\N;\N;\N;\N;\N;"";"";2024-01-12 15:44:31;\N;\N
11;"1201";"12";"Balai Besar Karantina Hewan, Ikan, dan Tumbuhan Sumatera Utara";"";"Provinsi Sumatera Utara";"Bandara Kualanamu";"Medan";\N;\N;\N;\N;\N;\N;"";"";2024-01-12 15:44:31;\N;\N
12;"1202";"12";"Balai Besar Karantina Hewan, Ikan, dan Tumbuhan Sumatera Utara";"";"Provinsi Sumatera Utara";"Bandara Sisingamangaraja";"Medan";\N;\N;\N;\N;\N;\N;"";"";2024-01-12 15:44:31;\N;\N
13;"1203";"12";"Balai Besar Karantina Hewan, Ikan, dan Tumbuhan Sumatera Utara";"";"Provinsi Sumatera Utara";"Pelabuhan Belawan";"Medan";\N;\N;\N;\N;\N;\N;"";"";2024-01-12 15:44:31;\N;\N
14;"1204";"12";"Balai Besar Karantina Hewan, Ikan, dan Tumbuhan Sumatera Utara";"";"Provinsi Sumatera Utara";"Pelabuhan Tanjung Balai Asahan";"Medan";\N;\N;\N;\N;\N;\N;"";"";2024-01-12 15:44:31;\N;\N
15;"1205";"12";"Balai Besar Karantina Hewan, Ikan, dan Tumbuhan Sumatera Utara";"";"Provinsi Sumatera Utara";"Pelabuhan Laut Sibolga";"Medan";\N;\N;\N;\N;\N;\N;"";"";2024-01-12 15:44:31;\N;\N
16;"1300";"13";"Balai Karantina Hewan, Ikan, dan Tumbuhan Sumatera Barat";"";"Provinsi Sumatera Barat";"UPT Induk";"Padang";\N;\N;\N;\N;\N;\N;"";"";2024-01-12 15:44:31;\N;\N
17;"1301";"13";"Balai Karantina Hewan, Ikan, dan Tumbuhan Sumatera Barat";"";"Provinsi Sumatera Barat";"Bandara Minangkabau";"Padang";\N;\N;\N;\N;\N;\N;"";"";2024-01-12 15:44:31;\N;\N
18;"1302";"13";"Balai Karantina Hewan, Ikan, dan Tumbuhan Sumatera Barat";"";"Provinsi Sumatera Barat";"Pelabuhan Laut Mentawai";"Padang";\N;\N;\N;\N;\N;\N;"";"";2024-01-12 15:44:31;\N;\N
19;"1400";"14";"Balai Karantina Hewan, Ikan, dan Tumbuhan Riau";"";"Provinsi Riau";"UPT Induk";"Pekanbaru";\N;\N;\N;\N;\N;\N;"";"";2024-01-12 15:44:31;\N;\N
20;"1401";"14";"Balai Karantina Hewan, Ikan, dan Tumbuhan Riau";"";"Provinsi Riau";"Bandara Sultan Syarif Kasim II";"Pekanbaru";\N;\N;\N;\N;\N;\N;"";"";2024-01-12 15:44:31;\N;\N
21;"1402";"14";"Balai Karantina Hewan, Ikan, dan Tumbuhan Riau";"";"Provinsi Riau";"Pelabuhan Laut Dumai";"Pekanbaru";\N;\N;\N;\N;\N;\N;"";"";2024-01-12 15:44:31;\N;\N
22;"1403";"14";"Balai Karantina Hewan, Ikan, dan Tumbuhan Riau";"";"Provinsi Riau";"Pelabuhan Laut Bengkalis";"Pekanbaru";\N;\N;\N;\N;\N;\N;"";"";2024-01-12 15:44:31;\N;\N
23;"1404";"14";"Balai Karantina Hewan, Ikan, dan Tumbuhan Riau";"";"Provinsi Riau";"Pelabuhan Laut Tembilahan";"Pekanbaru";\N;\N;\N;\N;\N;\N;"";"";2024-01-12 15:44:31;\N;\N
24;"1405";"14";"Balai Karantina Hewan, Ikan, dan Tumbuhan Riau";"";"Provinsi Riau";"Pelabuhan Laut Selat Panjang";"Pekanbaru";\N;\N;\N;\N;\N;\N;"";"";2024-01-12 15:44:31;\N;\N
25;"1406";"14";"Balai Karantina Hewan, Ikan, dan Tumbuhan Riau";"";"Provinsi Riau";"Pelabuhan Laut Sungai Guntung";"Pekanbaru";\N;\N;\N;\N;\N;\N;"";"";2024-01-12 15:44:31;\N;\N
26;"1407";"14";"Balai Karantina Hewan, Ikan, dan Tumbuhan Riau";"";"Provinsi Riau";"Pelabuhan Laut Tanjung Buton";"Pekanbaru";\N;\N;\N;\N;\N;\N;"";"";2024-01-12 15:44:31;\N;\N
27;"1500";"15";"Balai Karantina Hewan, Ikan, dan Tumbuhan Jambi";"";"Provinsi Jambi";"UPT Induk";"Jambi";\N;\N;\N;\N;\N;\N;"";"";2024-01-12 15:44:31;\N;\N
28;"1501";"15";"Balai Karantina Hewan, Ikan, dan Tumbuhan Jambi";"";"Provinsi Jambi";"Bandara Sultan Thaha";"Jambi";\N;\N;\N;\N;\N;\N;"";"";2024-01-12 15:44:31;\N;\N
29;"1502";"15";"Balai Karantina Hewan, Ikan, dan Tumbuhan Jambi";"";"Provinsi Jambi";"Pelabuhan Laut Kuala Tungkal";"Jambi";\N;\N;\N;\N;\N;\N;"";"";2024-01-12 15:44:31;\N;\N
30;"1601";"16";"Balai Karantina Hewan, Ikan, dan Tumbuhan Sumatera Selatan";"";"Provinsi Sumatera Selatan";"Bandara Sultan Mahmud Baharudin";"Palembang";\N;\N;\N;\N;\N;\N;"";"";2024-01-12 15:44:31;\N;\N
31;"1602";"16";"Balai Karantina Hewan, Ikan, dan Tumbuhan Sumatera Selatan";"";"Provinsi Sumatera Selatan";"Pelabuhan Tanjung Api-api";"Palembang";\N;\N;\N;\N;\N;\N;"";"";2024-01-12 15:44:31;\N;\N
32;"1700";"17";"Balai Karantina Hewan, Ikan, dan Tumbuhan Bengkulu";"";"Provinsi Bengkulu";"UPT Induk";"Bengkulu";\N;\N;\N;\N;\N;\N;"";"";2024-01-12 15:44:31;\N;\N
33;"1701";"17";"Balai Karantina Hewan, Ikan, dan Tumbuhan Bengkulu";"";"Provinsi Bengkulu";"Bandara Fatmawati";"Bengkulu";\N;\N;\N;\N;\N;\N;"";"";2024-01-12 15:44:31;\N;\N
34;"1800";"18";"Balai Karantina Hewan, Ikan, dan Tumbuhan Lampung";"";"Provinsi Lampung";"UPT Induk";"Bandar Lampung";\N;\N;\N;\N;\N;\N;"";"";2024-01-12 15:44:31;\N;\N
35;"1801";"18";"Balai Karantina Hewan, Ikan, dan Tumbuhan Lampung";"";"Provinsi Lampung";"Bandara Raden Inten II";"Bandar Lampung";\N;\N;\N;\N;\N;\N;"";"";2024-01-12 15:44:31;\N;\N
36;"1802";"18";"Balai Karantina Hewan, Ikan, dan Tumbuhan Lampung";"";"Provinsi Lampung";"Pelabuhan Penyeberangan Bakauheni";"Bandar Lampung";\N;\N;\N;\N;\N;\N;"";"";2024-01-12 15:44:31;\N;\N
37;"1900";"19";"Balai Karantina Hewan, Ikan, dan Tumbuhan Kepulauan Bangka Belitung";"";"Provinsi Kepulauan Bangka Belitung";"UPT Induk";"Pangkal Pinang";\N;\N;\N;\N;\N;\N;"";"";2024-01-12 15:44:31;\N;\N
38;"1901";"19";"Balai Karantina Hewan, Ikan, dan Tumbuhan Kepulauan Bangka Belitung";"";"Provinsi Kepulauan Bangka Belitung";"Bandara Hanan Judin";"Pangkal Pinang";\N;\N;\N;\N;\N;\N;"";"";2024-01-12 15:44:31;\N;\N
39;"1902";"19";"Balai Karantina Hewan, Ikan, dan Tumbuhan Kepulauan Bangka Belitung";"";"Provinsi Kepulauan Bangka Belitung";"Bandara Depati Amir";"Pangkal Pinang";\N;\N;\N;\N;\N;\N;"";"";2024-01-12 15:44:31;\N;\N
40;"1903";"19";"Balai Karantina Hewan, Ikan, dan Tumbuhan Kepulauan Bangka Belitung";"";"Provinsi Kepulauan Bangka Belitung";"Pelabuhan Muntok";"Pangkal Pinang";\N;\N;\N;\N;\N;\N;"";"";2024-01-12 15:44:31;\N;\N
41;"1904";"19";"Balai Karantina Hewan, Ikan, dan Tumbuhan Kepulauan Bangka Belitung";"";"Provinsi Kepulauan Bangka Belitung";"Pelabuhan Laut Pangkalan Balam";"Pangkal Pinang";\N;\N;\N;\N;\N;\N;"";"";2024-01-12 15:44:31;\N;\N
42;"2100";"21";"Balai Karantina Hewan, Ikan, dan Tumbuhan Kepulauan Riau ";"";"Provinsi Kepulauan Riau";"UPT Induk";"Batam";\N;\N;\N;\N;\N;\N;"";"";2024-01-12 15:44:31;\N;\N
43;"2101";"21";"Balai Karantina Hewan, Ikan, dan Tumbuhan Kepulauan Riau ";"";"Provinsi Kepulauan Riau";"Bandara Hang Nadim";"Batam";\N;\N;\N;\N;\N;\N;"";"";2024-01-12 15:44:31;\N;\N
44;"2102";"21";"Balai Karantina Hewan, Ikan, dan Tumbuhan Kepulauan Riau ";"";"Provinsi Kepulauan Riau";"Bandara Raja Haji Fisabilillah";"Batam";\N;\N;\N;\N;\N;\N;"";"";2024-01-12 15:44:31;\N;\N
45;"2103";"21";"Balai Karantina Hewan, Ikan, dan Tumbuhan Kepulauan Riau ";"";"Provinsi Kepulauan Riau";"Pelabuhan Laut Telaga Punggur";"Batam";\N;\N;\N;\N;\N;\N;"";"";2024-01-12 15:44:31;\N;\N
46;"2104";"21";"Balai Karantina Hewan, Ikan, dan Tumbuhan Kepulauan Riau ";"";"Provinsi Kepulauan Riau";"Pelabuhan Tanjung Uban";"Batam";\N;\N;\N;\N;\N;\N;"";"";2024-01-12 15:44:31;\N;\N
47;"2105";"21";"Balai Karantina Hewan, Ikan, dan Tumbuhan Kepulauan Riau ";"";"Provinsi Kepulauan Riau";"Pelabuhan Laut Kijang";"Batam";\N;\N;\N;\N;\N;\N;"";"";2024-01-12 15:44:31;\N;\N
48;"2106";"21";"Balai Karantina Hewan, Ikan, dan Tumbuhan Kepulauan Riau ";"";"Provinsi Kepulauan Riau";"Pelabuhan Tanjung Balai Karimun";"Batam";\N;\N;\N;\N;\N;\N;"";"";2024-01-12 15:44:31;\N;\N
49;"2107";"21";"Balai Karantina Hewan, Ikan, dan Tumbuhan Kepulauan Riau ";"";"Provinsi Kepulauan Riau";"Pelabuhan Tanjung Batu";"Batam";\N;\N;\N;\N;\N;\N;"";"";2024-01-12 15:44:31;\N;\N
50;"2108";"21";"Balai Karantina Hewan, Ikan, dan Tumbuhan Kepulauan Riau ";"";"Provinsi Kepulauan Riau";"Pelabuhan Laut Moro";"Batam";\N;\N;\N;\N;\N;\N;"";"";2024-01-12 15:44:31;\N;\N
51;"2109";"21";"Balai Karantina Hewan, Ikan, dan Tumbuhan Kepulauan Riau ";"";"Provinsi Kepulauan Riau";"Pelabuhan Laut Natuna";"Batam";\N;\N;\N;\N;\N;\N;"";"";2024-01-12 15:44:31;\N;\N
52;"3100";"31";"Balai Besar Karantina Hewan, Ikan, dan Tumbuhan DKI Jakarta";"";"Provinsi DKI Jakarta";"UPT Induk";"Jakarta";\N;\N;\N;\N;\N;\N;"";"";2024-01-12 15:44:31;\N;\N
53;"3101";"31";"Balai Besar Karantina Hewan, Ikan, dan Tumbuhan DKI Jakarta";"";"Provinsi DKI Jakarta";"Pelabuhan Laut Tanjung Priok";"Jakarta";\N;\N;\N;\N;\N;\N;"";"";2024-01-12 15:44:31;\N;\N
54;"3102";"31";"Balai Besar Karantina Hewan, Ikan, dan Tumbuhan DKI Jakarta";"";"Provinsi DKI Jakarta";"Pelabuhan Sunda Kelapa";"Jakarta";\N;\N;\N;\N;\N;\N;"";"";2024-01-12 15:44:31;\N;\N
55;"3103";"31";"Balai Besar Karantina Hewan, Ikan, dan Tumbuhan DKI Jakarta";"";"Provinsi DKI Jakarta";"Bandara Halim Perdana Kusuma";"Jakarta";\N;\N;\N;\N;\N;\N;"";"";2024-01-12 15:44:31;\N;\N
56;"3200";"32";"Balai Karantina Hewan, Ikan, dan Tumbuhan Jawa Barat";"";"Provinsi Jawa Barat";"UPT Induk";"Bandung";\N;\N;\N;\N;\N;\N;"";"";2024-01-12 15:44:31;\N;\N
57;"3201";"32";"Balai Karantina Hewan, Ikan, dan Tumbuhan Jawa Barat";"";"Provinsi Jawa Barat";"Bandara Kertajati";"Bandung";\N;\N;\N;\N;\N;\N;"";"";2024-01-12 15:44:31;\N;\N
58;"3202";"32";"Balai Karantina Hewan, Ikan, dan Tumbuhan Jawa Barat";"";"Provinsi Jawa Barat";"Pelabuhan Laut Cirebon";"Bandung";\N;\N;\N;\N;\N;\N;"";"";2024-01-12 15:44:31;\N;\N
59;"3300";"33";"Balai Karantina Hewan, Ikan, dan Tumbuhan Jawa Tengah";"";"Provinsi Jawa Tengah";"UPT Induk";"Semarang";\N;\N;\N;\N;\N;\N;"";"";2024-01-12 15:44:31;\N;\N
60;"3301";"33";"Balai Karantina Hewan, Ikan, dan Tumbuhan Jawa Tengah";"";"Provinsi Jawa Tengah";"Bandara Adi Sumarmo";"Semarang";\N;\N;\N;\N;\N;\N;"";"";2024-01-12 15:44:31;\N;\N
61;"3302";"33";"Balai Karantina Hewan, Ikan, dan Tumbuhan Jawa Tengah";"";"Provinsi Jawa Tengah";"Bandara Ahmad Yani";"Semarang";\N;\N;\N;\N;\N;\N;"";"";2024-01-12 15:44:31;\N;\N
62;"3303";"33";"Balai Karantina Hewan, Ikan, dan Tumbuhan Jawa Tengah";"";"Provinsi Jawa Tengah";"Pelabuhan Laut Tanjung Intan";"Semarang";\N;\N;\N;\N;\N;\N;"";"";2024-01-12 15:44:31;\N;\N
63;"3304";"33";"Balai Karantina Hewan, Ikan, dan Tumbuhan Jawa Tengah";"";"Provinsi Jawa Tengah";"Pelabuhan Laut Tegal";"Semarang";\N;\N;\N;\N;\N;\N;"";"";2024-01-12 15:44:31;\N;\N
64;"3400";"34";"Balai Karantina Hewan, Ikan, dan Tumbuhan Daerah Istimewa Yogyakarta";"";"Provinsi Daerah Istimewa Yogyakarta";"UPT Induk";"Yogyakarta";\N;\N;\N;\N;\N;\N;"";"";2024-01-12 15:44:31;\N;\N
65;"3401";"34";"Balai Karantina Hewan, Ikan, dan Tumbuhan Daerah Istimewa Yogyakarta";"";"Provinsi Daerah Istimewa Yogyakarta";"Bandara Yogyakarta Intetnational Airport (YIA)";"Yogyakarta";\N;\N;\N;\N;\N;\N;"";"";2024-01-12 15:44:31;\N;\N
66;"3402";"34";"Balai Karantina Hewan, Ikan, dan Tumbuhan Daerah Istimewa Yogyakarta";"";"Provinsi Daerah Istimewa Yogyakarta";"Bandara Adi Sucipto";"Yogyakarta";\N;\N;\N;\N;\N;\N;"";"";2024-01-12 15:44:31;\N;\N
67;"3500";"35";"Balai Karantina Hewan, Ikan, dan Tumbuhan Jawa Timur";"";"Provinsi Jawa Timur";"UPT Induk";"Surabaya";\N;\N;\N;\N;\N;\N;"";"";2024-01-12 15:44:31;\N;\N
68;"3501";"35";"Balai Karantina Hewan, Ikan, dan Tumbuhan Jawa Timur";"";"Provinsi Jawa Timur";"Bandara Juanda";"Surabaya";\N;\N;\N;\N;\N;\N;"";"";2024-01-12 15:44:31;\N;\N
69;"3502";"35";"Balai Karantina Hewan, Ikan, dan Tumbuhan Jawa Timur";"";"Provinsi Jawa Timur";"Pelabuhan Penyeberangan Ketapang";"Surabaya";\N;\N;\N;\N;\N;\N;"";"";2024-01-12 15:44:31;\N;\N
70;"3503";"35";"Balai Karantina Hewan, Ikan, dan Tumbuhan Jawa Timur";"";"Provinsi Jawa Timur";"Bandara Abdul Rahman Saleh";"Surabaya";\N;\N;\N;\N;\N;\N;"";"";2024-01-12 15:44:31;\N;\N
71;"3504";"35";"Balai Karantina Hewan, Ikan, dan Tumbuhan Jawa Timur";"";"Provinsi Jawa Timur";"Pelabuhan Laut Tanjung Perak";"Surabaya";\N;\N;\N;\N;\N;\N;"";"";2024-01-12 15:44:31;\N;\N
72;"3505";"35";"Balai Karantina Hewan, Ikan, dan Tumbuhan Jawa Timur";"";"Provinsi Jawa Timur";"Pelabuhan Pulau Kangean";"Surabaya";\N;\N;\N;\N;\N;\N;"";"";2024-01-12 15:44:31;\N;\N
73;"3506";"35";"Balai Karantina Hewan, Ikan, dan Tumbuhan Jawa Timur";"";"Provinsi Jawa Timur";"Bangkalan";"Surabaya";\N;\N;\N;\N;\N;\N;"";"";2024-01-12 15:44:31;\N;\N
74;"3600";"36";"Balai Karantina Hewan, Ikan, dan Tumbuhan Banten";"";"Provinsi Banten";"UPT Induk";"Serang";\N;\N;\N;\N;\N;\N;"";"";2024-01-12 15:44:31;\N;\N
75;"3601";"36";"Balai Karantina Hewan, Ikan, dan Tumbuhan Banten";"";"Provinsi Banten";"Bandara Soekarno Hatta";"Serang";\N;\N;\N;\N;\N;\N;"";"";2024-01-12 15:44:31;\N;\N
76;"3602";"36";"Balai Karantina Hewan, Ikan, dan Tumbuhan Banten";"";"Provinsi Banten";"Pelabuhan Penyeberangan Merak";"Serang";\N;\N;\N;\N;\N;\N;"";"";2024-01-12 15:44:31;\N;\N
77;"3700";"37";"Balai Besar Uji Standar Karantina Hewan, Ikan, dan Tumbuhan";"";"Provinsi DKI Jakarta";"UPT Induk";"Jakarta";\N;\N;\N;\N;\N;\N;"";"";2024-01-12 15:44:31;\N;\N
78;"3800";"38";"Balai Uji Terap Teknik dan Metode Karantina Hewan, Ikan, dan Tumbuhan";"";"Provinsi DKI Jakarta";"UPT Induk";"Jakarta";\N;\N;\N;\N;\N;\N;"";"";2024-01-12 15:44:31;\N;\N
79;"5100";"51";"Balai Besar Karantina Hewan, Ikan, dan Tumbuhan Bali";"";"Provinsi Bali";"UPT Induk";"Denpasar";\N;\N;\N;\N;\N;\N;"";"";2024-01-12 15:44:31;\N;\N
80;"5101";"51";"Balai Besar Karantina Hewan, Ikan, dan Tumbuhan Bali";"";"Provinsi Bali";"Bandara I Gusti Ngurah Rai";"Denpasar";\N;\N;\N;\N;\N;\N;"";"";2024-01-12 15:44:31;\N;\N
81;"5102";"51";"Balai Besar Karantina Hewan, Ikan, dan Tumbuhan Bali";"";"Provinsi Bali";"Pelabuhan Laut Celukan Bawang";"Denpasar";\N;\N;\N;\N;\N;\N;"";"";2024-01-12 15:44:31;\N;\N
82;"5103";"51";"Balai Besar Karantina Hewan, Ikan, dan Tumbuhan Bali";"";"Provinsi Bali";"Pelabuhan Penyeberangan Padang Baai";"Denpasar";\N;\N;\N;\N;\N;\N;"";"";2024-01-12 15:44:31;\N;\N
83;"5104";"51";"Balai Besar Karantina Hewan, Ikan, dan Tumbuhan Bali";"";"Provinsi Bali";"Pelabuhan Penyeberangan Gilimanuk";"Denpasar";\N;\N;\N;\N;\N;\N;"";"";2024-01-12 15:44:31;\N;\N
84;"5200";"52";"Balai Karantina Hewan, Ikan, dan Tumbuhan Nusa Tenggara Barat";"";"Provinsi Nusa Tenggara Barat";"UPT Induk";"Mataram";\N;\N;\N;\N;\N;\N;"";"";2024-01-12 15:44:31;\N;\N
85;"5201";"52";"Balai Karantina Hewan, Ikan, dan Tumbuhan Nusa Tenggara Barat";"";"Provinsi Nusa Tenggara Barat";"Bandara Internasional Lombok ";"Mataram";\N;\N;\N;\N;\N;\N;"";"";2024-01-12 15:44:31;\N;\N
86;"5202";"52";"Balai Karantina Hewan, Ikan, dan Tumbuhan Nusa Tenggara Barat";"";"Provinsi Nusa Tenggara Barat";"Pelabuhan Laut Lembar";"Mataram";\N;\N;\N;\N;\N;\N;"";"";2024-01-12 15:44:31;\N;\N
87;"5203";"52";"Balai Karantina Hewan, Ikan, dan Tumbuhan Nusa Tenggara Barat";"";"Provinsi Nusa Tenggara Barat";"Pelabuhan Laut Bima";"Mataram";\N;\N;\N;\N;\N;\N;"";"";2024-01-12 15:44:31;\N;\N
88;"5204";"52";"Balai Karantina Hewan, Ikan, dan Tumbuhan Nusa Tenggara Barat";"";"Provinsi Nusa Tenggara Barat";"Pelabuhan Penyeberangan Sape";"Mataram";\N;\N;\N;\N;\N;\N;"";"";2024-01-12 15:44:31;\N;\N
89;"5205";"52";"Balai Karantina Hewan, Ikan, dan Tumbuhan Nusa Tenggara Barat";"";"Provinsi Nusa Tenggara Barat";"Pelabuhan Laut Badas";"Mataram";\N;\N;\N;\N;\N;\N;"";"";2024-01-12 15:44:31;\N;\N
90;"5206";"52";"Balai Karantina Hewan, Ikan, dan Tumbuhan Nusa Tenggara Barat";"";"Provinsi Nusa Tenggara Barat";"Pelabuhan Laut Kayangan";"Mataram";\N;\N;\N;\N;\N;\N;"";"";2024-01-12 15:44:31;\N;\N
91;"5207";"52";"Balai Karantina Hewan, Ikan, dan Tumbuhan Nusa Tenggara Barat";"";"Provinsi Nusa Tenggara Barat";"Pelabuhan Laut Poto Tano";"Mataram";\N;\N;\N;\N;\N;\N;"";"";2024-01-12 15:44:31;\N;\N
92;"5300";"53";"Balai Karantina Hewan, Ikan, dan Tumbuhan Nusa Tenggara Timur";"";"Provinsi Nusa Tenggara Timur";"UPT Induk";"Kupang";\N;\N;\N;\N;\N;\N;"";"";2024-01-12 15:44:31;\N;\N
93;"5301";"53";"Balai Karantina Hewan, Ikan, dan Tumbuhan Nusa Tenggara Timur";"";"Provinsi Nusa Tenggara Timur";"Bandara El Tari";"Kupang";\N;\N;\N;\N;\N;\N;"";"";2024-01-12 15:44:31;\N;\N
94;"53010";"53";"Balai Karantina Hewan, Ikan, dan Tumbuhan Nusa Tenggara Timur";"";"Provinsi Nusa Tenggara Timur";"Pelabuhan Laut Labuan Bajo";"Kupang";\N;\N;\N;\N;\N;\N;"";"";2024-01-12 15:44:31;\N;\N
95;"53011";"53";"Balai Karantina Hewan, Ikan, dan Tumbuhan Nusa Tenggara Timur";"";"Provinsi Nusa Tenggara Timur";"Pelabuhan Laut Maumere";"Kupang";\N;\N;\N;\N;\N;\N;"";"";2024-01-12 15:44:31;\N;\N
96;"53012";"53";"Balai Karantina Hewan, Ikan, dan Tumbuhan Nusa Tenggara Timur";"";"Provinsi Nusa Tenggara Timur";"PLBN Wini";"Kupang";\N;\N;\N;\N;\N;\N;"";"";2024-01-12 15:44:31;\N;\N
97;"53013";"53";"Balai Karantina Hewan, Ikan, dan Tumbuhan Nusa Tenggara Timur";"";"Provinsi Nusa Tenggara Timur";"PLBN Motaain";"Kupang";\N;\N;\N;\N;\N;\N;"";"";2024-01-12 15:44:31;\N;\N
98;"53014";"53";"Balai Karantina Hewan, Ikan, dan Tumbuhan Nusa Tenggara Timur";"";"Provinsi Nusa Tenggara Timur";"PLBN Motamasin";"Kupang";\N;\N;\N;\N;\N;\N;"";"";2024-01-12 15:44:31;\N;\N
99;"5302";"53";"Balai Karantina Hewan, Ikan, dan Tumbuhan Nusa Tenggara Timur";"";"Provinsi Nusa Tenggara Timur";"Pelabuhan Laut Ende";"Kupang";\N;\N;\N;\N;\N;\N;"";"";2024-01-12 15:44:31;\N;\N
100;"5303";"53";"Balai Karantina Hewan, Ikan, dan Tumbuhan Nusa Tenggara Timur";"";"Provinsi Nusa Tenggara Timur";"Pelabuhan Laut Reo";"Kupang";\N;\N;\N;\N;\N;\N;"";"";2024-01-12 15:44:31;\N;\N
101;"5304";"53";"Balai Karantina Hewan, Ikan, dan Tumbuhan Nusa Tenggara Timur";"";"Provinsi Nusa Tenggara Timur";"Pelabuhan Laut Waingapu";"Kupang";\N;\N;\N;\N;\N;\N;"";"";2024-01-12 15:44:31;\N;\N
102;"5305";"53";"Balai Karantina Hewan, Ikan, dan Tumbuhan Nusa Tenggara Timur";"";"Provinsi Nusa Tenggara Timur";"Pelabuhan Laut Sabu";"Kupang";\N;\N;\N;\N;\N;\N;"";"";2024-01-12 15:44:31;\N;\N
103;"5306";"53";"Balai Karantina Hewan, Ikan, dan Tumbuhan Nusa Tenggara Timur";"";"Provinsi Nusa Tenggara Timur";"Pelabuhan Laut Rote";"Kupang";\N;\N;\N;\N;\N;\N;"";"";2024-01-12 15:44:31;\N;\N
104;"5307";"53";"Balai Karantina Hewan, Ikan, dan Tumbuhan Nusa Tenggara Timur";"";"Provinsi Nusa Tenggara Timur";"Pelabuhan Laut Atapupu";"Kupang";\N;\N;\N;\N;\N;\N;"";"";2024-01-12 15:44:31;\N;\N
105;"5308";"53";"Balai Karantina Hewan, Ikan, dan Tumbuhan Nusa Tenggara Timur";"";"Provinsi Nusa Tenggara Timur";"Pelabuhan Laut Alor";"Kupang";\N;\N;\N;\N;\N;\N;"";"";2024-01-12 15:44:31;\N;\N
106;"5309";"53";"Balai Karantina Hewan, Ikan, dan Tumbuhan Nusa Tenggara Timur";"";"Provinsi Nusa Tenggara Timur";"Pelabuhan Laut Waikelo";"Kupang";\N;\N;\N;\N;\N;\N;"";"";2024-01-12 15:44:31;\N;\N
107;"6100";"61";"Balai Karantina Hewan, Ikan, dan Tumbuhan Kalimantan Barat";"";"Provinsi Kalimantan Barat";"UPT Induk";"Pontianak";\N;\N;\N;\N;\N;\N;"";"";2024-01-12 15:44:31;\N;\N
108;"6101";"61";"Balai Karantina Hewan, Ikan, dan Tumbuhan Kalimantan Barat";"";"Provinsi Kalimantan Barat";"Bandara Supadio";"Pontianak";\N;\N;\N;\N;\N;\N;"";"";2024-01-12 15:44:31;\N;\N
109;"6102";"61";"Balai Karantina Hewan, Ikan, dan Tumbuhan Kalimantan Barat";"";"Provinsi Kalimantan Barat";"Bandara Rahadi Usman";"Pontianak";\N;\N;\N;\N;\N;\N;"";"";2024-01-12 15:44:31;\N;\N
110;"6103";"61";"Balai Karantina Hewan, Ikan, dan Tumbuhan Kalimantan Barat";"";"Provinsi Kalimantan Barat";"PLBN Entikong";"Pontianak";\N;\N;\N;\N;\N;\N;"";"";2024-01-12 15:44:31;\N;\N
111;"6104";"61";"Balai Karantina Hewan, Ikan, dan Tumbuhan Kalimantan Barat";"";"Provinsi Kalimantan Barat";"PLBN Aruk";"Pontianak";\N;\N;\N;\N;\N;\N;"";"";2024-01-12 15:44:31;\N;\N
112;"6105";"61";"Balai Karantina Hewan, Ikan, dan Tumbuhan Kalimantan Barat";"";"Provinsi Kalimantan Barat";"PLBN Nanga Badau";"Pontianak";\N;\N;\N;\N;\N;\N;"";"";2024-01-12 15:44:31;\N;\N
113;"6106";"61";"Balai Karantina Hewan, Ikan, dan Tumbuhan Kalimantan Barat";"";"Provinsi Kalimantan Barat";"PLBN Jagoi Babang";"Pontianak";\N;\N;\N;\N;\N;\N;"";"";2024-01-12 15:44:31;\N;\N
114;"6200";"62";"Balai Karantina Hewan, Ikan, dan Tumbuhan Kalimantan Tengah";"";"Provinsi Kalimantan Tengah";"UPT Induk";"Palangkaraya";\N;\N;\N;\N;\N;\N;"";"";2024-01-12 15:44:31;\N;\N
115;"6201";"62";"Balai Karantina Hewan, Ikan, dan Tumbuhan Kalimantan Tengah";"";"Provinsi Kalimantan Tengah";"Bandara Tjilik Riwut";"Palangkaraya";\N;\N;\N;\N;\N;\N;"";"";2024-01-12 15:44:31;\N;\N
116;"6202";"62";"Balai Karantina Hewan, Ikan, dan Tumbuhan Kalimantan Tengah";"";"Provinsi Kalimantan Tengah";"Pelabuhan Laut Pangkalan Bun";"Palangkaraya";\N;\N;\N;\N;\N;\N;"";"";2024-01-12 15:44:31;\N;\N
117;"6203";"62";"Balai Karantina Hewan, Ikan, dan Tumbuhan Kalimantan Tengah";"";"Provinsi Kalimantan Tengah";"Pelabuhan Laut Sampit";"Palangkaraya";\N;\N;\N;\N;\N;\N;"";"";2024-01-12 15:44:31;\N;\N
118;"6300";"63";"Balai Karantina Hewan, Ikan, dan Tumbuhan Kalimantan Selatan";"";"Provinsi Kalimantan Selatan";"UPT Induk";"Banjarmasin";\N;\N;\N;\N;\N;\N;"";"";2024-01-12 15:44:31;\N;\N
119;"6301";"63";"Balai Karantina Hewan, Ikan, dan Tumbuhan Kalimantan Selatan";"";"Provinsi Kalimantan Selatan";"Bandara Syamsudin Noor";"Banjarmasin";\N;\N;\N;\N;\N;\N;"";"";2024-01-12 15:44:31;\N;\N
120;"6302";"63";"Balai Karantina Hewan, Ikan, dan Tumbuhan Kalimantan Selatan";"";"Provinsi Kalimantan Selatan";"Pelabuhan Laut Batu Licin";"Banjarmasin";\N;\N;\N;\N;\N;\N;"";"";2024-01-12 15:44:31;\N;\N
121;"6303";"63";"Balai Karantina Hewan, Ikan, dan Tumbuhan Kalimantan Selatan";"";"Provinsi Kalimantan Selatan";"Pelabuhan Laut Kotabaru";"Banjarmasin";\N;\N;\N;\N;\N;\N;"";"";2024-01-12 15:44:31;\N;\N
122;"6400";"64";"Balai Besar Karantina Hewan, Ikan, dan Tumbuhan Kalimantan Timur";"";"Provinsi Kalimantan Timur";"UPT Induk";"Balikpapan";\N;\N;\N;\N;\N;\N;"";"";2024-01-12 15:44:31;\N;\N
123;"6401";"64";"Balai Besar Karantina Hewan, Ikan, dan Tumbuhan Kalimantan Timur";"";"Provinsi Kalimantan Timur";"Bandara Sultan Aji Muhammad Sulaiman";"Balikpapan";\N;\N;\N;\N;\N;\N;"";"";2024-01-12 15:44:31;\N;\N
124;"6402";"64";"Balai Besar Karantina Hewan, Ikan, dan Tumbuhan Kalimantan Timur";"";"Provinsi Kalimantan Timur";"Pelabuhan Sungai Samarinda";"Balikpapan";\N;\N;\N;\N;\N;\N;"";"";2024-01-12 15:44:31;\N;\N
125;"6403";"64";"Balai Besar Karantina Hewan, Ikan, dan Tumbuhan Kalimantan Timur";"";"Provinsi Kalimantan Timur";"Pelabuhan Laut Kariangau";"Balikpapan";\N;\N;\N;\N;\N;\N;"";"";2024-01-12 15:44:31;\N;\N
126;"6404";"64";"Balai Besar Karantina Hewan, Ikan, dan Tumbuhan Kalimantan Timur";"";"Provinsi Kalimantan Timur";"Pelabuhan Laut Semayang";"Balikpapan";\N;\N;\N;\N;\N;\N;"";"";2024-01-12 15:44:31;\N;\N
127;"6405";"64";"Balai Besar Karantina Hewan, Ikan, dan Tumbuhan Kalimantan Timur";"";"Provinsi Kalimantan Timur";"Pelabuhan Laut Lok Tuan Bontang ";"Balikpapan";\N;\N;\N;\N;\N;\N;"";"";2024-01-12 15:44:31;\N;\N
128;"6406";"64";"Balai Besar Karantina Hewan, Ikan, dan Tumbuhan Kalimantan Timur";"";"Provinsi Kalimantan Timur";"Bandara APT Pranoto";"Balikpapan";\N;\N;\N;\N;\N;\N;"";"";2024-01-12 15:44:31;\N;\N
129;"6407";"64";"Balai Besar Karantina Hewan, Ikan, dan Tumbuhan Kalimantan Timur";"";"Provinsi Kalimantan Timur";"Pelabuhan Laut Berau";"Balikpapan";\N;\N;\N;\N;\N;\N;"";"";2024-01-12 15:44:31;\N;\N
130;"6500";"65";"Balai Karantina Hewan, Ikan, dan Tumbuhan Kalimantan Utara";"";"Provinsi Kalimantan Utara";"UPT Induk";"Tarakan";\N;\N;\N;\N;\N;\N;"";"";2024-01-12 15:44:31;\N;\N
131;"6501";"65";"Balai Karantina Hewan, Ikan, dan Tumbuhan Kalimantan Utara";"";"Provinsi Kalimantan Utara";"Bandara Juwata Tarakan";"Tarakan";\N;\N;\N;\N;\N;\N;"";"";2024-01-12 15:44:31;\N;\N
132;"6502";"65";"Balai Karantina Hewan, Ikan, dan Tumbuhan Kalimantan Utara";"";"Provinsi Kalimantan Utara";"Pelabuhan Laut Tanjung Selor";"Tarakan";\N;\N;\N;\N;\N;\N;"";"";2024-01-12 15:44:31;\N;\N
133;"6503";"65";"Balai Karantina Hewan, Ikan, dan Tumbuhan Kalimantan Utara";"";"Provinsi Kalimantan Utara";"PLBN Sebatik";"Tarakan";\N;\N;\N;\N;\N;\N;"";"";2024-01-12 15:44:31;\N;\N
134;"6504";"65";"Balai Karantina Hewan, Ikan, dan Tumbuhan Kalimantan Utara";"";"Provinsi Kalimantan Utara";"PLBN Nunukan";"Tarakan";\N;\N;\N;\N;\N;\N;"";"";2024-01-12 15:44:31;\N;\N
135;"7100";"71";"Balai Karantina Hewan, Ikan, dan Tumbuhan Sulawesi Utara";"";"Provinsi Sulawesi Utara";"UPT Induk";"Manado";\N;\N;\N;\N;\N;\N;"";"";2024-01-12 15:44:31;\N;\N
136;"7101";"71";"Balai Karantina Hewan, Ikan, dan Tumbuhan Sulawesi Utara";"";"Provinsi Sulawesi Utara";"Bandara Sam Ratulangi";"Manado";\N;\N;\N;\N;\N;\N;"";"";2024-01-12 15:44:31;\N;\N
137;"7102";"71";"Balai Karantina Hewan, Ikan, dan Tumbuhan Sulawesi Utara";"";"Provinsi Sulawesi Utara";"Pelabuhan Laut Bitung ";"Manado";\N;\N;\N;\N;\N;\N;"";"";2024-01-12 15:44:31;\N;\N
138;"7103";"71";"Balai Karantina Hewan, Ikan, dan Tumbuhan Sulawesi Utara";"";"Provinsi Sulawesi Utara";"Pelabuhan Laut Tahuna";"Manado";\N;\N;\N;\N;\N;\N;"";"";2024-01-12 15:44:31;\N;\N
139;"7200";"72";"Balai Karantina Hewan, Ikan, dan Tumbuhan Sulawesi Tengah";"";"Provinsi Sulawesi Tengah";"UPT Induk";"Palu";\N;\N;\N;\N;\N;\N;"";"";2024-01-12 15:44:31;\N;\N
140;"7201";"72";"Balai Karantina Hewan, Ikan, dan Tumbuhan Sulawesi Tengah";"";"Provinsi Sulawesi Tengah";"Bandara Mutiara Sis Al-Jufri";"Palu";\N;\N;\N;\N;\N;\N;"";"";2024-01-12 15:44:31;\N;\N
141;"7202";"72";"Balai Karantina Hewan, Ikan, dan Tumbuhan Sulawesi Tengah";"";"Provinsi Sulawesi Tengah";"Pelabuhan Pantoloan";"Palu";\N;\N;\N;\N;\N;\N;"";"";2024-01-12 15:44:31;\N;\N
142;"7203";"72";"Balai Karantina Hewan, Ikan, dan Tumbuhan Sulawesi Tengah";"";"Provinsi Sulawesi Tengah";"Pelabuhan Laut Luwuk Banggai";"Palu";\N;\N;\N;\N;\N;\N;"";"";2024-01-12 15:44:31;\N;\N
143;"7204";"72";"Balai Karantina Hewan, Ikan, dan Tumbuhan Sulawesi Tengah";"";"Provinsi Sulawesi Tengah";"Pelabuhan Laut Toli-toli";"Palu";\N;\N;\N;\N;\N;\N;"";"";2024-01-12 15:44:31;\N;\N
144;"7300";"73";"Balai Besar Karantina Hewan, Ikan, dan Tumbuhan Sulawesi Selatan";"";"Provinsi Sulawesi Selatan";"UPT Induk";"Makassar";\N;\N;\N;\N;\N;\N;"";"";2024-01-12 15:44:31;\N;\N
145;"7301";"73";"Balai Besar Karantina Hewan, Ikan, dan Tumbuhan Sulawesi Selatan";"";"Provinsi Sulawesi Selatan";"Bandara Sultan Hasanudin";"Makassar";\N;\N;\N;\N;\N;\N;"";"";2024-01-12 15:44:31;\N;\N
146;"7302";"73";"Balai Besar Karantina Hewan, Ikan, dan Tumbuhan Sulawesi Selatan";"";"Provinsi Sulawesi Selatan";"Pelabuhan Laut Pare-Pare";"Makassar";\N;\N;\N;\N;\N;\N;"";"";2024-01-12 15:44:31;\N;\N
147;"7303";"73";"Balai Besar Karantina Hewan, Ikan, dan Tumbuhan Sulawesi Selatan";"";"Provinsi Sulawesi Selatan";"Pelabuhan Laut Jeneponto";"Makassar";\N;\N;\N;\N;\N;\N;"";"";2024-01-12 15:44:31;\N;\N
148;"7304";"73";"Balai Besar Karantina Hewan, Ikan, dan Tumbuhan Sulawesi Selatan";"";"Provinsi Sulawesi Selatan";"Pelabuhan Laut Bajoe";"Makassar";\N;\N;\N;\N;\N;\N;"";"";2024-01-12 15:44:31;\N;\N
149;"7400";"74";"Balai Karantina Hewan, Ikan, dan Tumbuhan Sulawesi Tenggara";"";"Provinsi Sulawesi Tenggara";"UPT Induk";"Kendari";\N;\N;\N;\N;\N;\N;"";"";2024-01-12 15:44:31;\N;\N
150;"7401";"74";"Balai Karantina Hewan, Ikan, dan Tumbuhan Sulawesi Tenggara";"";"Provinsi Sulawesi Tenggara";"Bandara Halu Oleo";"Kendari";\N;\N;\N;\N;\N;\N;"";"";2024-01-12 15:44:31;\N;\N
151;"7402";"74";"Balai Karantina Hewan, Ikan, dan Tumbuhan Sulawesi Tenggara";"";"Provinsi Sulawesi Tenggara";"Bandara Betoambari";"Kendari";\N;\N;\N;\N;\N;\N;"";"";2024-01-12 15:44:31;\N;\N
152;"7403";"74";"Balai Karantina Hewan, Ikan, dan Tumbuhan Sulawesi Tenggara";"";"Provinsi Sulawesi Tenggara";"Pelabuhan Laut Kendari";"Kendari";\N;\N;\N;\N;\N;\N;"";"";2024-01-12 15:44:31;\N;\N
153;"7404";"74";"Balai Karantina Hewan, Ikan, dan Tumbuhan Sulawesi Tenggara";"";"Provinsi Sulawesi Tenggara";"Pelabuhan Laut Kolaka";"Kendari";\N;\N;\N;\N;\N;\N;"";"";2024-01-12 15:44:31;\N;\N
154;"7405";"74";"Balai Karantina Hewan, Ikan, dan Tumbuhan Sulawesi Tenggara";"";"Provinsi Sulawesi Tenggara";"Pelabuhan Laut Raha Muna";"Kendari";\N;\N;\N;\N;\N;\N;"";"";2024-01-12 15:44:31;\N;\N
155;"7406";"74";"Balai Karantina Hewan, Ikan, dan Tumbuhan Sulawesi Tenggara";"";"Provinsi Sulawesi Tenggara";"Pelabuhan Laut Wanci Wakatobi";"Kendari";\N;\N;\N;\N;\N;\N;"";"";2024-01-12 15:44:31;\N;\N
156;"7500";"75";"Balai Karantina Hewan, Ikan, dan Tumbuhan Gorontalo";"";"Provinsi Gorontalo";"UPT Induk";"Gorontalo";\N;\N;\N;\N;\N;\N;"";"";2024-01-12 15:44:31;\N;\N
157;"7501";"75";"Balai Karantina Hewan, Ikan, dan Tumbuhan Gorontalo";"";"Provinsi Gorontalo";"Bandara Jalaluddin";"Gorontalo";\N;\N;\N;\N;\N;\N;"";"";2024-01-12 15:44:31;\N;\N
158;"7600";"76";"Balai Karantina Hewan, Ikan, dan Tumbuhan Sulawesi Barat";"";"Provinsi Sulawesi Barat";"UPT Induk";"Mamuju";\N;\N;\N;\N;\N;\N;"";"";2024-01-12 15:44:31;\N;\N
159;"7601";"76";"Balai Karantina Hewan, Ikan, dan Tumbuhan Sulawesi Barat";"";"Provinsi Sulawesi Barat";"Bandara Tampa Padang";"Mamuju";\N;\N;\N;\N;\N;\N;"";"";2024-01-12 15:44:31;\N;\N
160;"7602";"76";"Balai Karantina Hewan, Ikan, dan Tumbuhan Sulawesi Barat";"";"Provinsi Sulawesi Barat";"Pelabuhan Laut Pasang Kayu";"Mamuju";\N;\N;\N;\N;\N;\N;"";"";2024-01-12 15:44:31;\N;\N
161;"7603";"76";"Balai Karantina Hewan, Ikan, dan Tumbuhan Sulawesi Barat";"";"Provinsi Sulawesi Barat";"Pelabuhan Laut Majene";"Mamuju";\N;\N;\N;\N;\N;\N;"";"";2024-01-12 15:44:31;\N;\N
162;"8100";"81";"Balai Karantina Hewan, Ikan, dan Tumbuhan Maluku";"";"Provinsi Maluku";"UPT Induk";"Ambon";\N;\N;\N;\N;\N;\N;"";"";2024-01-12 15:44:31;\N;\N
163;"8101";"81";"Balai Karantina Hewan, Ikan, dan Tumbuhan Maluku";"";"Provinsi Maluku";"Bandara Pattimura";"Ambon";\N;\N;\N;\N;\N;\N;"";"";2024-01-12 15:44:31;\N;\N
164;"8102";"81";"Balai Karantina Hewan, Ikan, dan Tumbuhan Maluku";"";"Provinsi Maluku";"Pelabuhan Laut Tual";"Ambon";\N;\N;\N;\N;\N;\N;"";"";2024-01-12 15:44:31;\N;\N
165;"8103";"81";"Balai Karantina Hewan, Ikan, dan Tumbuhan Maluku";"";"Provinsi Maluku";"Pelabuhan Laut Kobisadar";"Ambon";\N;\N;\N;\N;\N;\N;"";"";2024-01-12 15:44:31;\N;\N
166;"8104";"81";"Balai Karantina Hewan, Ikan, dan Tumbuhan Maluku";"";"Provinsi Maluku";"Pelabuhan Laut Namlea";"Ambon";\N;\N;\N;\N;\N;\N;"";"";2024-01-12 15:44:31;\N;\N
167;"8105";"81";"Balai Karantina Hewan, Ikan, dan Tumbuhan Maluku";"";"Provinsi Maluku";"Pelabuhan Laut Dobo";"Ambon";\N;\N;\N;\N;\N;\N;"";"";2024-01-12 15:44:31;\N;\N
168;"8200";"82";"Balai Karantina Hewan, Ikan, dan Tumbuhan Maluku Utara";"";"Provinsi Maluku Utara";"UPT Induk";"Ternate";\N;\N;\N;\N;\N;\N;"";"";2024-01-12 15:44:31;\N;\N
169;"8201";"82";"Balai Karantina Hewan, Ikan, dan Tumbuhan Maluku Utara";"";"Provinsi Maluku Utara";"Bandara Sultan Babullah";"Ternate";\N;\N;\N;\N;\N;\N;"";"";2024-01-12 15:44:31;\N;\N
170;"8202";"82";"Balai Karantina Hewan, Ikan, dan Tumbuhan Maluku Utara";"";"Provinsi Maluku Utara";"Pelabuhan Laut Tobelo";"Ternate";\N;\N;\N;\N;\N;\N;"";"";2024-01-12 15:44:31;\N;\N
171;"8203";"82";"Balai Karantina Hewan, Ikan, dan Tumbuhan Maluku Utara";"";"Provinsi Maluku Utara";"Pelabuhan Laut Bacan";"Ternate";\N;\N;\N;\N;\N;\N;"";"";2024-01-12 15:44:31;\N;\N
172;"8204";"82";"Balai Karantina Hewan, Ikan, dan Tumbuhan Maluku Utara";"";"Provinsi Maluku Utara";"Pelabuhan Laut Sanana";"Ternate";\N;\N;\N;\N;\N;\N;"";"";2024-01-12 15:44:31;\N;\N
173;"8205";"82";"Balai Karantina Hewan, Ikan, dan Tumbuhan Maluku Utara";"";"Provinsi Maluku Utara";"Pelabuhan Laut Morotai";"Ternate";\N;\N;\N;\N;\N;\N;"";"";2024-01-12 15:44:31;\N;\N
174;"9100";"91";"Balai Besar Karantina Hewan, Ikan, dan Tumbuhan Papua";"";"Provinsi Papua ";"UPT Induk";"Jayapura";\N;\N;\N;\N;\N;\N;"";"";2024-01-12 15:44:31;\N;\N
175;"9101";"91";"Balai Besar Karantina Hewan, Ikan, dan Tumbuhan Papua";"";"Provinsi Papua ";"Bandara Sentani";"Jayapura";\N;\N;\N;\N;\N;\N;"";"";2024-01-12 15:44:31;\N;\N
176;"9102";"91";"Balai Besar Karantina Hewan, Ikan, dan Tumbuhan Papua";"";"Provinsi Papua ";"Pelabuhan Laut Jayapura";"Jayapura";\N;\N;\N;\N;\N;\N;"";"";2024-01-12 15:44:31;\N;\N
177;"9103";"91";"Balai Besar Karantina Hewan, Ikan, dan Tumbuhan Papua";"";"Provinsi Papua ";"Pelabuhan Laut Biak";"Jayapura";\N;\N;\N;\N;\N;\N;"";"";2024-01-12 15:44:31;\N;\N
178;"9104";"91";"Balai Besar Karantina Hewan, Ikan, dan Tumbuhan Papua";"";"Provinsi Papua ";"PLBN Skouw";"Jayapura";\N;\N;\N;\N;\N;\N;"";"";2024-01-12 15:44:31;\N;\N
179;"9105";"91";"Balai Besar Karantina Hewan, Ikan, dan Tumbuhan Papua";"";"Provinsi Papua ";"Pelabuhan Laut Serui";"Jayapura";\N;\N;\N;\N;\N;\N;"";"";2024-01-12 15:44:31;\N;\N
180;"9200";"92";"Balai Karantina Hewan, Ikan, dan Tumbuhan Papua Barat";"";"Provinsi Papua Barat";"UPT Induk";"Manokwari";\N;\N;\N;\N;\N;\N;"";"";2024-01-12 15:44:31;\N;\N
181;"9600";"96";"Balai Karantina Hewan, Ikan, dan Tumbuhan Papua Barat Daya ";"";"Provinsi Papua Barat Daya";"UPT Induk";"Manokwari";\N;\N;\N;\N;\N;\N;"";"";2024-01-12 15:44:31;\N;\N
182;"9201";"92";"Balai Karantina Hewan, Ikan, dan Tumbuhan Papua Barat";"";"Provinsi Papua Barat";"Pelabuhan Laut Bintuni";"Manokwari";\N;\N;\N;\N;\N;\N;"";"";2024-01-12 15:44:31;\N;\N
183;"9601";"96";"Balai Karantina Hewan, Ikan, dan Tumbuhan Papua Barat Daya ";"";"Provinsi Papua Barat Daya";"Pelabuhan Laut Kaimana ";"Sorong";\N;\N;\N;\N;\N;\N;"";"";2024-01-12 15:44:31;\N;\N
184;"9202";"92";"Balai Karantina Hewan, Ikan, dan Tumbuhan Papua Barat";"";"Provinsi Papua Barat";"Pelabuhan Laut Wasior";"Manokwari";\N;\N;\N;\N;\N;\N;"";"";2024-01-12 15:44:31;\N;\N
185;"9602";"96";"Balai Karantina Hewan, Ikan, dan Tumbuhan Papua Barat Daya ";"";"Provinsi Papua Barat Daya";"Pelabuhan Laut Fakfak";"Sorong";\N;\N;\N;\N;\N;\N;"";"";2024-01-12 15:44:31;\N;\N
186;"9300";"93";"Balai Karantina Hewan, Ikan, dan Tumbuhan Papua Selatan";"";"Provinsi Papua Selatan";"UPT Induk";"Merauke";\N;\N;\N;\N;\N;\N;"";"";2024-01-12 15:44:31;\N;\N
187;"9301";"93";"Balai Karantina Hewan, Ikan, dan Tumbuhan Papua Selatan";"";"Provinsi Papua Selatan";"Bandara Mopah";"Merauke";\N;\N;\N;\N;\N;\N;"";"";2024-01-12 15:44:31;\N;\N
188;"9302";"93";"Balai Karantina Hewan, Ikan, dan Tumbuhan Papua Selatan";"";"Provinsi Papua Selatan";"Pelabuhan Sungai Bade";"Merauke";\N;\N;\N;\N;\N;\N;"";"";2024-01-12 15:44:31;\N;\N
189;"9303";"93";"Balai Karantina Hewan, Ikan, dan Tumbuhan Papua Selatan";"";"Provinsi Papua Selatan";"PLBN Sota";"Merauke";\N;\N;\N;\N;\N;\N;"";"";2024-01-12 15:44:31;\N;\N
190;"9304";"93";"Balai Karantina Hewan, Ikan, dan Tumbuhan Papua Selatan";"";"Provinsi Papua Selatan";"PLBN Yetetkun Boven Digoel";"Merauke";\N;\N;\N;\N;\N;\N;"";"";2024-01-12 15:44:31;\N;\N
191;"9400";"94";"Balai Karantina Hewan, Ikan, dan Tumbuhan Papua Tengah";"";"Provinsi Papua Tengah";"UPT Induk";"Mimika";\N;\N;\N;\N;\N;\N;"";"";2024-01-12 15:44:31;\N;\N
192;"9401";"94";"Balai Karantina Hewan, Ikan, dan Tumbuhan Papua Tengah";"";"Provinsi Papua Tengah";"Pelabuhan Laut Nabire";"Mimika";\N;\N;\N;\N;\N;\N;"";"";2024-01-12 15:44:31;\N;\N
193;"9500";"95";"Balai Karantina Hewan, Ikan, dan Tumbuhan Papua Pegunungan ";"";"Provinsi Papua Pegunungan";"UPT Induk";"Jayawijaya";\N;\N;\N;\N;\N;\N;"";"";2024-01-12 15:44:31;\N;\N
